Title,Ratings,Reviews,locations,Prices,place_offers,Images,Description,URL
[VR] 2BR High Skyline Ocean View @ Pattaya,4.67 ·,70 reviews,"Muang Pattaya, Chang Wat Chon Buri, Thailand","$110
 night","['Beach access – Beachfront', 'Kitchen', 'Wifi', 'Dedicated workspace', 'Free parking on premises', 'Shared outdoor pool - available all year, open 24 hours', 'Private hot tub', 'TV with standard cable', 'Elevator', 'Air conditioning']",N/A,{},https://www.airbnb.com/rooms/25986044?adults=1&category_tag=Tag%3A7769&children=0&infants=0&search_mode=flex_destinations_search&check_in=2022-09-18&check_out=2022-09-23&previous_page_section_name=1000&federated_search_id=4eb6df17-dd9c-4a7e-bb7e-6e0424747225
It's a BASE two-bedroom apartment,,,"Muang Pattaya, Chang Wat Chon Buri, Thailand",,"['Courtyard view', 'Sea view', 'Beach access – Beachfront', 'Kitchen', 'Wifi', 'Shared outdoor pool - available all year, open specific hours, infinity, rooftop', 'Elevator', 'Free washer – In unit', 'Window AC unit', 'Private patio or balcony']","['[VR] 2BR High Skyline Ocean View @ Pattayaoriginal@4c8a44ab-ced7-41ef-bd14-b0413462ab05.jpeg', '[VR] 2BR High Skyline Ocean View @ Pattayapictures@44695671-e125-4ad5-bf64-c79a82f0acc5.jpg', '[VR] 2BR High Skyline Ocean View @ Pattayapictures@cff0b08c-a8b7-492d-a8d8-31b5182f652f.jpg', '[VR] 2BR High Skyline Ocean View @ Pattayapictures@d0ac3a67-1c12-4692-93bd-5bab96d71313.jpg', '[VR] 2BR High Skyline Ocean View @ Pattayapictures@ee4c549d-1fd8-4992-a0ef-8c7a450984e3.jpg']",{},https://www.airbnb.com/rooms/54022691?adults=1&category_tag=Tag%3A7769&children=0&infants=0&search_mode=flex_destinations_search&check_in=2022-09-16&check_out=2022-09-21&previous_page_section_name=1000&federated_search_id=4eb6df17-dd9c-4a7e-bb7e-6e0424747225
Modern private villa with pool,4.81 ·,149 reviews,"Muang Pattaya, Chang Wat Chon Buri, Thailand","$123 
$111
 night","['Kitchen', 'Wifi', 'Dedicated workspace', 'Free parking on premises', 'Private pool', 'Pets allowed', 'TV with standard cable', 'Washer', 'Unavailable: Carbon monoxide alarm', 'Carbon monoxide alarm', 'Unavailable: Smoke alarm', 'Smoke alarm']","[""It's a BASE two-bedroom apartment77834174@aa08ea92_original.jpg"", ""It's a BASE two-bedroom apartment77863059@b95a7194_original.jpg"", ""It's a BASE two-bedroom apartment77832927@91bda874_original.jpg"", ""It's a BASE two-bedroom apartment77833885@23094066_original.jpg"", ""It's a BASE two-bedroom apartment77834854@83ca73c0_original.jpg""]",{'Villa Lena is a modern contemporary home with 3 bedroom and 3 bathroom perfectly located 5 minutes from the heart of Pattaya on Pratamnak hill and only 200 meters from the sea.': 'You can enjoy your beautiful private pool and bbq dine outside.'},https://www.airbnb.com/rooms/6239676?adults=1&category_tag=Tag%3A7769&children=0&infants=0&search_mode=flex_destinations_search&check_in=2023-08-01&check_out=2023-08-06&previous_page_section_name=1000&federated_search_id=4eb6df17-dd9c-4a7e-bb7e-6e0424747225
★ 5 Star Modern Condo in Downtown ★ Rooftop Pool,4.73 ·,174 reviews,"Muang Pattaya, Chang Wat Chon Buri, Thailand",,"['Kitchen', 'Wifi', 'Free parking on premises', 'Pool', 'TV with standard cable', 'Elevator', 'Washer', 'Dryer', 'Air conditioning', 'Hair dryer']","['Modern private villa with poolpictures@72231b55-2048-479b-a1d6-fe5ec2c977ee.jpg', 'Modern private villa with poolpictures@affe6cf2-4bf3-4a02-81a6-21d4bf36fe35.jpg', 'Modern private villa with poolpictures@3f8f282d-35d4-47b8-a508-5cd217472a8c.jpg', 'Modern private villa with poolpictures@0e0717bc-8b4e-4fc6-bfc4-c7a4489254ce.jpg', 'Modern private villa with poolpictures@a6a69e2f-d04a-4f27-8013-ce54f5f1a255.jpg']","{'The new modern room has 1 living room, 1 bathroom, kitchen area and seaview terrace': ''}",https://www.airbnb.com/rooms/18570407?adults=1&category_tag=Tag%3A7769&children=0&infants=0&search_mode=flex_destinations_search&check_in=2023-02-09&check_out=2023-02-16&previous_page_section_name=1000&federated_search_id=4eb6df17-dd9c-4a7e-bb7e-6e0424747225
❀The BASE❀ Central Pattaya/vacation city view,4.59 ·,115 reviews,"Muang Pattaya, Chang Wat Chon Buri, Thailand","$24
 night","['Courtyard view', 'Beach access – Beachfront', 'Kitchen', 'Wifi', 'Shared outdoor pool - available all year, open specific hours, infinity, rooftop', 'TV', 'Elevator', 'Washer', 'Dryer', 'Window AC unit']","['★ 5 Star Modern Condo in Downtown ★ Rooftop Poolpictures@6fd58782-e04a-4226-bb8e-01c6622ba507.jpg', '★ 5 Star Modern Condo in Downtown ★ Rooftop Poolpictures@95be4dc6-c532-42d2-9531-24426d68e475.jpg', '★ 5 Star Modern Condo in Downtown ★ Rooftop Pooloriginal@8f32d93c-da47-4436-9572-e7ad8f7978fb.jpeg', '★ 5 Star Modern Condo in Downtown ★ Rooftop Pooloriginal@d8a65a53-310d-4284-bd07-298667ed2f94.jpeg', '★ 5 Star Modern Condo in Downtown ★ Rooftop Poolpictures@a5a8f3af-fe38-42f9-812b-ec397150e675.jpg']",{'Famous BASE apartment on hardcover lower floor': ''},https://www.airbnb.com/rooms/20607807?adults=1&category_tag=Tag%3A7769&children=0&infants=0&search_mode=flex_destinations_search&check_in=2022-09-16&check_out=2022-09-21&previous_page_section_name=1000&federated_search_id=4eb6df17-dd9c-4a7e-bb7e-6e0424747225
The base sea view rooftop infinity pool,4.82 ·,76 reviews,"Muang Pattaya, Chang Wat Chon Buri, Thailand","$30
 night","['Beach access – Beachfront', 'Kitchen', 'Wifi', 'Free parking on premises', 'Pool', 'TV', 'Elevator', 'Washer', 'Dryer', 'Air conditioning']",N/A,{},https://www.airbnb.com/rooms/25558996?adults=1&category_tag=Tag%3A7769&children=0&infants=0&search_mode=flex_destinations_search&check_in=2022-09-16&check_out=2022-09-21&previous_page_section_name=1000&federated_search_id=4eb6df17-dd9c-4a7e-bb7e-6e0424747225
12th Floor Positive Ocean View 2BR The base Central Pattaya,4.76 ·,70 reviews,"Muang Pattaya, จ.ชลบุรี, Thailand",,,"['The base sea view rooftop infinity poolpictures@4c6eca8c-e29c-44fd-a73b-73363618df3b.jpg', 'The base sea view rooftop infinity pooloriginal@f3c5251f-36e3-4785-b4ad-c2fa5dd4128d.jpeg', 'The base sea view rooftop infinity pooloriginal@62ad5c0a-279e-4ecd-82cd-1f80cef5b7b4.jpeg', 'The base sea view rooftop infinity poolpictures@441be1b3-73a8-4181-9295-152403ce57a9.jpg', 'The base sea view rooftop infinity poolpictures@1bee2d3d-5e85-4c9e-8343-d3b94d393f45.jpg']",{},https://www.airbnb.com/rooms/37092787?adults=1&category_tag=Tag%3A7769&children=0&infants=0&search_mode=flex_destinations_search&check_in=2022-10-01&check_out=2022-10-06&previous_page_section_name=1000&federated_search_id=4eb6df17-dd9c-4a7e-bb7e-6e0424747225
Sweet&Luxury 1BR in middle Huahin + PoolView Wifi,4.97 ·,37 reviews,"Tambon Hua Hin, Chang Wat Prachuap Khiri Khan, Thailand",,,"['12th Floor Positive Ocean View 2BR The base Central Pattayapictures@bdac8af3-547a-4755-aae3-cbb42d356079.jpg', '12th Floor Positive Ocean View 2BR The base Central Pattayapictures@00885213-fd6d-4f81-bcbc-c309047b3b58.jpg', '12th Floor Positive Ocean View 2BR The base Central Pattayapictures@b01a7644-2de3-4d02-80de-f22f2f838586.jpg', '12th Floor Positive Ocean View 2BR The base Central Pattayapictures@13dbe2a7-2795-4e12-ae6f-48cafa256efc.jpg', '12th Floor Positive Ocean View 2BR The base Central Pattayapictures@277039ec-c50f-446b-9776-b3e17b5d45b6.jpg']","{'Resort Condo Near Beach,THE BEST LOCATION IN THE HEART OF HUAHIN!!': ''}",https://www.airbnb.com/rooms/43677309?adults=1&category_tag=Tag%3A7769&children=0&infants=0&search_mode=flex_destinations_search&check_in=2022-10-08&check_out=2022-10-13&previous_page_section_name=1000&federated_search_id=4eb6df17-dd9c-4a7e-bb7e-6e0424747225
An oasis in a sweet spot @ La Casita,4.92 ·,24 reviews,"Chang Wat Phrachuap Khiri Kan, Thailand","$26 
$21
 night","['Public or shared beach access', 'Kitchen', 'Fast wifi – 212 Mbps', 'Dedicated workspace', 'Free residential garage on premises', 'Shared outdoor pool -', '40"" HDTV with standard cable', 'Elevator', 'Security cameras on property', 'Unavailable: Carbon monoxide alarm', 'Carbon monoxide alarm']","['Sweet&Luxury 1BR in middle Huahin + PoolView Wifipictures@976b7226-55bc-43cd-b9cd-0b81f5c20876.jpg', 'Sweet&Luxury 1BR in middle Huahin + PoolView Wifipictures@92146395-8921-46a3-99f5-ddcf8b3340ed.jpg', 'Sweet&Luxury 1BR in middle Huahin + PoolView Wifipictures@971d6aec-1b73-40d1-baa6-4417660fba09.jpg', 'Sweet&Luxury 1BR in middle Huahin + PoolView Wifipictures@d7866ee3-aacc-4b4a-8c06-1f31232b7922.jpg', 'Sweet&Luxury 1BR in middle Huahin + PoolView Wifipictures@53ce7d51-859d-499e-81d2-0b44f905de3e.jpg']",{},https://www.airbnb.com/rooms/40596566?adults=1&category_tag=Tag%3A7769&children=0&infants=0&search_mode=flex_destinations_search&check_in=2022-09-20&check_out=2022-09-25&previous_page_section_name=1000&federated_search_id=4eb6df17-dd9c-4a7e-bb7e-6e0424747225
Samed Lullaby - Room on the beach @Ao Noina,4.83 ·,23 reviews,"5/13 Phe เมือง, Rayong, Thailand","$49
 night","['Beach access – Beachfront', 'Wifi', 'Free parking on premises', 'Pets allowed', 'TV with standard cable', 'Air conditioning', 'Shared patio or balcony', 'Private backyard – Not fully fenced', 'Unavailable: Carbon monoxide alarm', 'Carbon monoxide alarm', 'Unavailable: Smoke alarm', 'Smoke alarm']","['An oasis in a sweet spot @ La Casitapictures@cc555244-a143-4020-9f74-2c5801697ae0.jpg', 'An oasis in a sweet spot @ La Casitapictures@9d03a902-b3d0-4151-b15a-323b495defed.jpg', 'An oasis in a sweet spot @ La Casitapictures@d084ed4c-961b-4a3d-8c07-8f5a50930553.jpg', 'An oasis in a sweet spot @ La Casitapictures@5b46e70c-843a-4877-ac80-20a57236a9de.jpg', 'An oasis in a sweet spot @ La Casitapictures@c81c6b3a-3685-41b8-9d27-3dfcc0c8a826.jpg']",{'We are fabulous oceanfront property with matching marine theme inside of the bedrooms located on the northern side of Koh Samet National Park.': ''},https://www.airbnb.com/rooms/39009644?adults=1&category_tag=Tag%3A7769&children=0&infants=0&search_mode=flex_destinations_search&check_in=2022-09-15&check_out=2022-09-20&previous_page_section_name=1000&federated_search_id=4eb6df17-dd9c-4a7e-bb7e-6e0424747225
The Base Central Pattaya floor29 bay view balcony5,5.0 ·,7 reviews,"Muang Pattaya, Chang Wat Chon Buri, Thailand",,,"['Samed Lullaby - Room on the beach @Ao Noinapictures@79a38f16-1b15-4168-987d-3969c79da1c2.jpg', 'Samed Lullaby - Room on the beach @Ao Noinaoriginal@4fd64766-33d7-4413-b877-5d4658c31448.jpeg', 'Samed Lullaby - Room on the beach @Ao Noinapictures@0d5b20b5-f919-42a4-96fb-d04a2ddc75c5.jpg', 'Samed Lullaby - Room on the beach @Ao Noinaoriginal@902ea1f1-66a8-4e61-9444-67d78929cbfd.jpeg', 'Samed Lullaby - Room on the beach @Ao Noinapictures@7145b67a-f99c-42ff-8380-7183457adc26.jpg']",{},https://www.airbnb.com/rooms/595485318644364165?adults=1&category_tag=Tag%3A7769&children=0&infants=0&search_mode=flex_destinations_search&check_in=2022-09-16&check_out=2022-09-22&previous_page_section_name=1000&federated_search_id=4eb6df17-dd9c-4a7e-bb7e-6e0424747225
AnB poolvilla beachfront 2 BR-Bang saray Pattaya,,,"Tambon Bang Sare, Chang Wat Chon Buri, Thailand",,,"['The Base Central Pattaya floor29 bay view balcony5original@3df4f960-cb77-48c2-8eae-16f48bdac374.jpeg', 'The Base Central Pattaya floor29 bay view balcony5original@68a5ea65-d850-495a-8778-8be27dee316b.jpeg', 'The Base Central Pattaya floor29 bay view balcony5original@10d2863b-502b-4735-a245-ed123f032521.jpeg', 'The Base Central Pattaya floor29 bay view balcony5original@97405acb-1ac4-4dcc-a417-8d6f90c8309d.jpeg', 'The Base Central Pattaya floor29 bay view balcony5original@8622d4ce-ffe8-47e0-b9e3-60d83b8e3aa1.jpeg']",{},https://www.airbnb.com/rooms/581662462414126931?adults=1&category_tag=Tag%3A7769&children=0&infants=0&search_mode=flex_destinations_search&check_in=2022-09-25&check_out=2022-09-30&previous_page_section_name=1000&federated_search_id=4eb6df17-dd9c-4a7e-bb7e-6e0424747225
Cozy Stay✓Spacious✓Beach✓Gym Amazing Pool✓Jomtien❤,5.0 ·,20 reviews,"Amphoe Bang Lamung, Chon Buri, Thailand",,,"['AnB poolvilla beachfront 2 BR-Bang saray Pattayapictures@172ffe8e-7c09-4916-8e3f-40a23aabd6a8.jpg', 'AnB poolvilla beachfront 2 BR-Bang saray Pattayapictures@34b6e6fa-1055-42ca-a117-a7a133dd1bd7.jpg', 'AnB poolvilla beachfront 2 BR-Bang saray Pattayaoriginal@f324a861-6843-44bb-8247-84205538e9d8.jpeg', 'AnB poolvilla beachfront 2 BR-Bang saray Pattayapictures@56f3f2e7-3ecf-490b-a753-a28247104222.jpg', 'AnB poolvilla beachfront 2 BR-Bang saray Pattayaoriginal@a39b5c1c-d7f6-4e0e-a93a-c4d980af66de.jpeg']",{},https://www.airbnb.com/rooms/52832242?adults=1&category_tag=Tag%3A7769&children=0&infants=0&search_mode=flex_destinations_search&check_in=2022-10-15&check_out=2022-10-20&previous_page_section_name=1000&federated_search_id=4eb6df17-dd9c-4a7e-bb7e-6e0424747225
"Beachhouse ""Manao"" near Bangkok",4.93 ·,86 reviews,"Hat Chao Samran, Phetchaburi, Thailand",,,"['Cozy Stay✓Spacious✓Beach✓Gym Amazing Pool✓Jomtien❤49737885@27abdbfa_original.jpg', 'Cozy Stay✓Spacious✓Beach✓Gym Amazing Pool✓Jomtien❤49737650@8a2544b3_original.jpg', 'Cozy Stay✓Spacious✓Beach✓Gym Amazing Pool✓Jomtien❤49737676@db4b5db3_original.jpg', 'Cozy Stay✓Spacious✓Beach✓Gym Amazing Pool✓Jomtien❤49323704@b9d82f05_original.jpg', 'Cozy Stay✓Spacious✓Beach✓Gym Amazing Pool✓Jomtien❤49323377@b8e1b8ac_original.jpg']",{'A wonderful house right on the beach. So close to the sea that it sometimes even sprays in the garden. Hat Chao Samran is a beautiful small village with a pristine beach. Only 2 hours drive from Bangkok and 50 minutes from Hua Hin.': ''},https://www.airbnb.com/rooms/3880166?adults=1&category_tag=Tag%3A7769&children=0&infants=0&search_mode=flex_destinations_search&check_in=2022-09-16&check_out=2022-09-23&previous_page_section_name=1000&federated_search_id=4eb6df17-dd9c-4a7e-bb7e-6e0424747225
Pattaya 7th Heaven Beach Front Pool Villa.,4.75 ·,14 reviews,"Tambon Na Chom Thian, Chang Wat Chon Buri, Thailand",,,N/A,{'Pattaya Villa 7th Heaven Beach Front villa': 'Absolute beach front location 5-star -view contemporary'},https://www.airbnb.com/rooms/18010712?adults=1&category_tag=Tag%3A7769&children=0&infants=0&search_mode=flex_destinations_search&check_in=2022-09-18&check_out=2022-09-23&previous_page_section_name=1000&federated_search_id=4eb6df17-dd9c-4a7e-bb7e-6e0424747225
Lux Pattaya Pool Villa 1km. from beach.,4.81 ·,63 reviews,"Pattaya, ChonBuri, Thailand",,,"['Pattaya 7th Heaven Beach Front Pool Villa.original@59d5e495-ed4b-46ea-9a59-074527e72fef.jpeg', 'Pattaya 7th Heaven Beach Front Pool Villa.original@3b8ceccd-f4b3-45cb-8e21-cd16ccca73a7.jpeg', 'Pattaya 7th Heaven Beach Front Pool Villa.original@f3d44172-1b15-40cf-b930-fad56c4e73b4.jpeg', 'Pattaya 7th Heaven Beach Front Pool Villa.original@ebd2b7a7-796c-41cf-9002-2dc95c4c8cac.jpeg', 'Pattaya 7th Heaven Beach Front Pool Villa.original@c8ae8ea5-ca6b-41b3-9537-2c5d27397640.jpeg']",{},https://www.airbnb.com/rooms/12416094?adults=1&category_tag=Tag%3A7769&children=0&infants=0&search_mode=flex_destinations_search&check_in=2022-10-29&check_out=2022-11-03&previous_page_section_name=1000&federated_search_id=4eb6df17-dd9c-4a7e-bb7e-6e0424747225
,,,,,,[],N/A,https://www.airbnb.com/rooms/42144175?adults=1&category_tag=Tag%3A7769&children=0&infants=0&search_mode=flex_destinations_search&check_in=2022-09-23&check_out=2022-09-29&previous_page_section_name=1000&federated_search_id=4eb6df17-dd9c-4a7e-bb7e-6e0424747225
BeachFront private pool villa•Big Terrace•5BedRoo,,,"Tambon Bang Sare, Chang Wat Chon Buri, Thailand",,,N/A,{'● RimLay Beachfront Villa ●': ''},https://www.airbnb.com/rooms/545281628180698995?adults=1&category_tag=Tag%3A7769&children=0&infants=0&search_mode=flex_destinations_search&check_in=2022-10-27&check_out=2022-11-01&previous_page_section_name=1000&federated_search_id=4eb6df17-dd9c-4a7e-bb7e-6e0424747225
【BASE】50% off!! near beach/1BR for vacation,4.62 ·,53 reviews,"Muang Pattaya, Chang Wat Chon Buri, Thailand",,,"['BeachFront private pool villa•Big Terrace•5BedRoopictures@3e2b3b2d-0060-4db4-a021-5c9a32d49607.jpg', 'BeachFront private pool villa•Big Terrace•5BedRoooriginal@c9714c58-ed35-47f4-9960-28dc228a4d88.jpeg', 'BeachFront private pool villa•Big Terrace•5BedRoopictures@1b3624e6-4e22-439c-b662-0c7543b5b69d.jpg', 'BeachFront private pool villa•Big Terrace•5BedRoopictures@7d282e9f-c157-484a-98c2-706e8febe536.jpg', 'BeachFront private pool villa•Big Terrace•5BedRoopictures@47aa4243-3afd-4f25-9643-07038a2e9d33.jpg']",{'Super special street view room': ''},https://www.airbnb.com/rooms/14748786?adults=1&category_tag=Tag%3A7769&children=0&infants=0&search_mode=flex_destinations_search&check_in=2022-09-27&check_out=2022-10-02&previous_page_section_name=1000&federated_search_id=4eb6df17-dd9c-4a7e-bb7e-6e0424747225
***K4 THE BASE at CENTRAL PATTAYA ***,4.63 ·,8 reviews,"Muang Pattaya, Chang Wat Chon Buri, Thailand","$27
 night","['Kitchen', 'Wifi', 'Free parking on premises', 'Pool', 'TV', 'Elevator', 'Washer', 'Dryer', 'Air conditioning', 'Unavailable: Carbon monoxide alarm', 'Carbon monoxide alarm']",N/A,"{'The Base Pattaya offers Fitness, Breathtaking Sea View Roof Top pool, Panoramic Deck, Night Lounge,Rooftop Garden, Free Parking, 24hrs security and Free private Wifi in Room.': ''}",https://www.airbnb.com/rooms/29677123?adults=1&category_tag=Tag%3A7769&children=0&infants=0&search_mode=flex_destinations_search&check_in=2022-09-29&check_out=2022-10-04&previous_page_section_name=1000&federated_search_id=4eb6df17-dd9c-4a7e-bb7e-6e0424747225
